{
  "train_loss": 1.4280264377593994,
  "val_loss": 1.6333047151565552,
  "train_perplexity": 4.17046040154018,
  "val_perplexity": 5.120769471473451,
  "step": 4999
}